#,Organization,Ward,Service Area,# of Grants,Total Allocations,AEHR,CLI,CR,CSI,CFSE,CFSE   Pan Am,ENF,CSP,CBIP,GameOn,StART,HER,HIF,INI,LASO,MCO,MUS,SDIP,SNP,TAC,OTHER
,,,,,,,,,,,,,,,,,,,,,,,,,,
1,3T Program,42,City-wide,1,6000,,,,,,6000,,,,,,,,,,,,,,7000,
2,7th Cousins ,14,City-wide,1,7000,,,,,,,,,,,,,76754,,,,,,,,
3,519 Church Street Community Centre,27,City-wide,3,156144,22000,,,,,,,57390,,,,,,,,,,40000,,,
4,1652 Keele Street Community Alliance,12,Area Services,1,40000,,,,,,,,,,,,,,,,,,,,10000,
5,A Man Vanishes Collective,20,City-wide,1,10000,,,,,,,,,,,,,,,,,,,,62000,
6,A Space Gallery,20,City-wide,2,78600,,,,,,,,,16600,,,,,,,,,,,,
7,Abrigo Centre,17,City-wide,1,103055,,,,,,,,103055,,,,,,,,,,,,,
8,Access Alliance Multicultural Health And Community Services,35,City-wide,2,68865,,,,,,,,57365,,11500,,,,,,,,,,38000,
9,Acting Up Stage Theatre Company,28,City-wide,1,38000,,,,,,,,,,,,,,,,,,,,7000,
10,adelheid dance projects,20,City-wide,1,7000,,,,,,,,,,,,,,,,,,,,,
11,Afghan Women's Counselling and Integration Community Support Organization,26,City-wide,1,73200,,,,,,,,73200,,,,,,,,,,,,,
12,African Canadian Social Development Council,28,City-wide,1,34560,,,,,,,,34560,,,,,,,,,,,,8000,
13,African Women Acting,28,Local,1,8000,,,,,,,,,,,,,,,,,,,,,
14,Africans in Partnership Against AIDS,27,City-wide,1,100930,,,,,,,,100930,,,,,,,,,,,,4100,
15,Afrihili Cultural Association of Ontario,20,City-wide,1,4100,,,,,,,,,,,,,249157,,,,,,,,
16,Agincourt Community Services Association,41,Area services,3,439612,,,,47000,,,,143455,,,,,,,,,,,,15000,
17,Ahuri Theatre,17,City-wide,1,15000,,,,,,,,,,,,,,,,,,,,13000,
18,Aiding Dramatic Change in Development,19,City-wide,1,13000,,,,,,,,,,,,,,,,,,,,,
19,AIDS Committee Of Toronto,27,City-wide,1,67520,,,,,,,,67520,,,,,450000,,,,,,,,
20,Albion Neighbourhood Services,1,Area services,2,562730,,,,,,,,112730,,,,,,,,,,,,,
21,Alexander Park Community Centre,20,Area services,1,40000,,,,40000,,,,,,,,,,,,,,,,7000,
22,Alias Dance Projects,33,Local,1,7000,,,,,,,,,,,,,,,,,,,,5000,
23,Aisle 4,18,Local,1,5000,,,,,,,,,,,,,,,,,,,,7500,
24,Alliance Francaise de Toronto,20,City-wide,1,7500,,,,,,,,,,,,,,,,,,,,36000,
25,Aluna Theatre ,17,City-wide,1,36000,,,,,,,,,,,,,,,,,,,,25375,
26,Amadeus Choir of Greater Toronto,23,City-wide,1,25375,,,,,,,,,,,,,,,,,,,,18000,
27,Amici Chamber Ensemble,20,City-wide,1,18000,,,,,,,,,,,,,,,,,,,1965403,,
28,Angel Foundation for Learning,23,City-wide,1,1965403,,,,,,,,,,,,,,,,,,,,3000,
29,AnOther Theatre Company,27,City-wide,1,3000,,,,,,,,,,,,,,,,,,,,6000,
30,ANTARES Publishing House of Spanish Culture,25,City-wide,1,6000,,,,,,,,,,,,,,,,,,,,,
31,Aphasia Institute,25,City-wide,1,21900,,,,,,,,21900,,,,,,,,,,,,,
32,Arab Community Centre of Toronto (The),3,City-wide,1,38750,,,,,,,,38750,,,,,,,,,,,,,
33,ARCH Disability Law Centre,28,City-wide,1,31000,,,,,,,,31000,,,,,,,,,,,,2000,
34,Architect Theatre,18,City-wide,1,2000,,,,,,,,,,,,,,,,,,,,,
35,"Armenian Relief Society Inc. -""Roubina"" Chapter",33,City-wide,1,21900,,,,,,,,21900,,,,,,,,,,,,10000,
36,Aradia Ensemble,20,City-wide,1,10000,,,,,,,,,,,,,,,,,,,,58090,
37,Arraymusic,19,City-wide,1,58090,,,,,,,,,,,,,,,,,,,,7000,
38,Ars Mechanica,20,City-wide,1,7000,,,,,,,,,,,,,,,,,,,,7000,
39,Art Bar Poetry Series,29,City-wide,1,7000,,,,,,,,,,,,,,,,626750,,,,,
40,Art Gallery of Ontario ,20,City-wide,1,626750,,,,,,,,,,,,,,,,,,,,67000,
41,Art Gallery of York University,8,City-wide,1,67000,,,,,,,,,,,,,,,,,,,,40000,
42,Art Metropole,18,City-wide,1,40000,,,,,,,,,,,,,,,,,,,,50000,
43,Art of Time Ensemble,20,City-wide,1,50000,,,,,,,,,,,,,,,,,,,,65000,
44,Art Starts Neighbourhood Cultural Centre,16,Area services,2,90000,,,25000,,,,,,,,,,,,,,,,,15000,
45,Article 11  Performance Group,27,Local,1,15000,,,,,,,,,,,,,,,,,,,,23000,
46,Artists Film Exhibition Group,20,City-wide,1,23000,,,,,,,,,,,,,,50000,,,,30000,,30000,
47,ArtReach Toronto ,20,City-wide,3,110000,,,,,,,,,,,,,,,374805,,,,,,
48,Arts Etobicoke,5,City-wide,1,374805,,,,,,,,,,,,,,,,,,,,48000,
49,Arts For Children And Youth,20,Area services,3,111000,,,35000,,,28000,,,,,,,,,,,,,,15000,
50,Arts4All Creative Society,17,Local,1,15000,,,,,,,,,,,,,,,,,,,,50000,
51,Ashkenaz Foundation,20,City-wide,1,50000,,,,,,,,,,,,,,,,,,,,12000,
52,Asian Arts Freedom School,18,City-wide,1,12000,,,,,,,,,,,,,,,,,,,,7900,
53,Asian Community AIDS Services,20,Local,2,34900,,,27000,,,,,,,,,,,,,,,,,,
54,Ascot Co-op,2,City-wide,1,11625,,,,,,,,,,11625,,,,,,,,,,,
55,Assaulted Women's Helpline,20,City-wide,1,57590,,,,,,,,57590,,,,,,,,,,,,3500,
56,Association of Music and Innocative Arts,21,City-wide,1,3500,,,,,,,,,,,,,,,,,,,,,
57,AWIC Community and Social Services,33,City-wide,1,78515,,,,,,,,78515,,,,,,,,,,,,10000,
58,Axis Music Inc.,35,Local,1,10000,,,,,,,,,,,,,,,,,,,,27000,
59,b current,21,Local,1,27000,,,,,,,,,,,,,,,,,,,,8000,
60,B.I.G. Bloor Improvement Group,18,Local,1,8000,,,,,,,,,,,,,,,,,,,,13000,
61,Baby Steps Parenting,15,Local,1,13000,,,,,,,,,,,,,,,,,,,,25000,
62,Bach Children's Chorus of Scarborough,43,City-wide,1,25000,,,,,,,,,,,,,,,,,,,,9000,
63,Bad News Days Performing Arts,14,City-wide,1,9000,,,,,,,,,,,,,,,,,,,,13000,
64,Bain Arts Collective,30,Local,1,13000,,,,,,,,,,,,,,,,,,,,23750,
65,Ballet Creole,20,City-wide,1,23750,,,,,,,,,,,,,,,,,,,,90000,
66,Ballet Jorgen Canada,27,City-wide,1,90000,,,,,,,,,,,,,,,,,,,,9500,
67,Baque de Bamba,18,City-wide,1,9500,,,,,,,,,,,,,,,,,,,,9000,
68,Barbra Schlifer Commemorative Clinic,19,Local,3,107255,48000,,,,,,,50255,,,,,,,,,,,,8000,
69,Barrier Free Media Alliance,20,City-wide,1,8000,,,,,,,,,,,,,,,,,,,,,
70,Bathurst Finch Network,10,Area services,1,75000,,,,,,,75000,,,,,,,,,,,,,5000,
71,Batuki Music Society,28,City-wide,1,5000,,,,,,,,,,,,,,,,,,,,,
72,Belka Enrichment Centre,8,City-wide,1,10000,,,,,,10000,,,,,,,,,,,,,,,
73,Bereaved Families of Ontario-Toronto,22,City-wide,1,66035,,,,,,,,66035,,,,,,,,,,,,,
74,Bernard Betel Centre for Creative Living,10,Area Services,1,120425,,,,,,,,120425,,,,,,,,,,,,,
75,Better Living Health and Community Services,25,Area Services,1,204470,,,,,,,,204470,,,,,,,,,,,,,
76,Birchmount Bluffs Neighbourhood Centre,36,Area Services,2,108120,,,,,,26000,,82120,,,,,,,,,,,,10000,
77,Birchmount Community Action Council,37,Local,1,10000,,,,,,,,,,,,,,,,,,,,,
78,Black Business Professional Association (BBP),20,City Wide,1,240000,,240000,,,,,,,,,,,,,,,,,,,
79,Bloor Information and Life Skills Centre,19,City-wide,1,34445,,,,,,,,34445,,,,,,,,,,,,6500,
80,Blue Ceiling Dance,13,City-wide,1,6500,,,,,,,,,,,,,,,,,,,,8000,
81,bluemounth inc. presents,18,City-wide,1,8000,,,,,,,,,,,,,,,,,,,,,
82,Boost Child Abuse Prevention and Intervention,27,City-wide,1,256880,,,,,,,,256880,,,,,,,,,,,,7000,
83,BoucharDanze,17,City-wide,1,7000,,,,,,,,,,,,,,,,,,,,,
84,Braeburn Neighbourhood Place,2,Area services,1,46825,,,,,,,,46825,,,,,,,,,,,,5000,
85,Broken Heals,18,Local,1,5000,,,,,,,,,,,,,,,,,,,,18000,
86,BUCC  N FLVR DANCE COMPANY,35,Local,1,18000,,,,,,,,,,,,,,,,,,,,143000,
87,Buddies In Bad Times Theatre,27,City-wide,1,143000,,,,,,,,,,,,,,,,,,,,10000,
88,Butcher's Block Productions,18,City-wide,1,10000,,,,,,,,,,,,,,,,,,,,9000,
89,C-A-Mcorder Productions,17,City-wide,1,9000,,,,,,,,,,,,,,,,,,,,,
90,Cabbagetown Youth Centre Inc,28,Area services,1,36525,,,,,,,,36525,,,,,,,,,,,,21000,
91,CADA-ON,28,City-wide,1,21000,,,,,,,,,,,,,,,,,,,,44000,
92,Cahoots Theatre Projects,28,City-wide,1,44000,,,,,,,,,,,,,,,,,,,,10000,
93,Cajuca Mas Arts Producers,37,City-wide,1,10000,,,,,,,,,,,,,,,,,,,,15000,
94,Canada Clown,20,City-wide,1,15000,,,,,,,,,,,,,,,,161000,,,,,
95,Canada's National Ballet School ,27,City-wide,1,161000,,,,,,,,,,,,,,,,,,,,,
96,Canadian Centre for Victims of Torture,27,City-wide,1,25925,,,,,,,,25925,,,,,,,,,,,,22500,
97,Canadian Children's Opera Company,28,City-wide,1,22500,,,,,,,,,,,,,,,,,,,,55000,
98,Canadian Contemporary Dance Theatre,20,City-wide,1,55000,,,,,,,,,,,,,,,,,,,,5000,
99,Canadian Film in the Schools,20,City-wide,1,5000,,,,,,,,,,,,,,,,,,,,51000,
100,Canadian Filmmakers Distribution Centre,20,City-wide,1,51000,,,,,,,,,,,,,,,,,,,,4000,
101,Canadian Gay and Lesbian Archives,27,City-wide,1,4000,,,,,,,,,,,,,,,,,,,,,
102,Canadian Hearing Society,22,City-wide,1,17060,,,,,,,,17060,,,,,,,,,,,,3000,
103,Canadian Men's Chorus,20,City-wide,1,3000,,,,,,,,,,,,,,,,,,,,,
104,"Canadian Mental Health Association, The",15,City-wide,1,17290,,,,,,,,17290,,,,,,,,,,,,70000,
105,Canadian Music Centre,27,City-wide,1,70000,,,,,,,,,,,,,,,,1522800,,,,,
106,Canadian Opera Company,28,City-wide,1,1522800,,,,,,,,,,,,,,,,,,,,,
107,"Canadian Red Cross, Markham Office",38,Area Services,1,27560,,,,,,,,27560,,,,,71500,,,,,,,,
108,"Canadian Red Cross, Toronto Region",18,City-wide,1,71500,,,,,,,,,,,,,,,,,,,,3000,
109,Canadian Rep Theatre,28,Local,1,3000,,,,,,,,,,,,,,,,,,,,10000,
110,Canadian Roots Exchange,19,City-wide,1,10000,,,,,,,,,,,,,,,,,,,,7000,
111,"Canadian Society of Children's Authors, Ilustrators",6,City-wide,1,7000,,,,,,,,,,,,,,,,,,,,905000,
112,Canadian Stage Company,28,City-wide,1,905000,,,,,,,,,,,,,,,,,,,,,
113,Canadian Tamil Youth Development Centre,38,City-wide,1,123130,,,,,,,,123130,,,,,,,,,,,,18000,
114,CanAsian Dance Festival,20,City-wide,1,18000,,,,,,,,,,,,,,,,,,,,,
115,CANES Community Centre,2,Area Services,1,64955,,,,,,,,64955,,,,,,,,,,,,10000,
116,CANORAA INC.,35,City-wide,1,10000,,,,,,,,,,,,,,,,,,,,5000,
117,CANVAS Programs,21,Local,1,5000,,,,,,,,,,,,,,,,,,,,5000,
118,Canzine Arts Festival,20,City-wide,1,5000,,,,,,,,,,,,,,,,,,,,,
119,Carefirst Seniors and Community Services Association,39,City-wide,1,90965,,,,,,,,90965,,,,,,,,,,,,24000,
120,CARFAC Ontario,20,City-wide,1,24000,,,,,,,,,,,,,,,,,,,,2000,
121,CaribbeanTales International Film Festival,19,City-wide,1,2000,,,,,,,,,,,,,,,,,,,,15000,
122,Cathedral Bluffs Symphony Orchestra,42,Local,1,15000,,,,,,,,,,,,,,,,,,,,,
123,Catholic Crosscultural Services,38,Area Services,1,25860,,,,,,,,25860,,,,,,,,,,,,,
124,Cecil Community Centre,20,Area  services,1,4970,,,,,,,,4970,,,,,,,,,,,,8850,
125,Cecilia String Quartet,28,City-wide,1,8850,,,,,,,,,,,,,,,,,,,,5500,
126,Cedar Ridge Studio Gallery,43,City-wide,1,5500,,,,,,,,,,,,,,,,,,,,,
127,Central Eglinton Community Centre,22,Area Services,1,26685,,,,,,,,26685,,,,,,,,,,,,6000,
128,Central Neighbourhood House Association,28,Area services,1,6000,,,,,,,,,,,,,,,,,,,,13000,
129,Central Toronto Youth Services,27,City-wide,1,13000,,,,,,,,,,,,,,,,,,,,,
130,Centre for Community Learning and Development,28,City-wide,1,44410,,,,,,,,44410,,,,,118670,,,,,,,,
131,Centre for Equality Rights in Accommodation,19,City-wide,2,148670,30000,,,,,,,,,,,,,,,,,,,,
132,Centre for Immigrant and Community Services,41,City-wide,1,115455,,,,,,,,115455,,,,,,,,,,,,,
133,Centre for Independent Living in Toronto (C.I.L.T.) ,27,City-wide,1,23065,,,,,,,,23065,,,,,,,,,,,,40000,
134,Centre for Indigenous Theatre,19,City-wide,1,40000,,,,,,,,,,,,,,,,,,,,,
135,Centre For Spanish Speaking Peoples (The),9,City-wide,4,122800,,,25000,,9000,,,60800,,,28000,,,,,,,,,54500,
136,Charles Street Video,19,City-wide,1,54500,,,,,,,,,,,,,,,,,,,,8000,
137,Chiaroscuro Reading Series,20,City-wide,1,8000,,,,,,,,,,,,,57409,,,,,,,,
138,Children's Aid Society of Toronto,30,City-wide,1,57409,,,,,,,,,,,,,,,,,,,,25000,
139,Children's Peace Theatre,31,Area Services,2,52000,,,,,,27000,,,,,,,,,,,,,,13000,
140,Chinese Artists Society of Toronto,42,City-wide,1,13000,,,,,,,,,,,,,,,,,,,,,
141,Chinese Canadian National Council Toronto Chapter,20,City-wide,2,90425,,,,35000,,,,55425,,,,,,,,,,,,,
142,Chinese Cultural Centre of Greater Toronto,42,City-wide,2,49000,,,,,,28000,,,21000,,,,,,,,,,,,
143,Chinese Family Services of Ontario,41,City-wide,1,36865,,,,,,,,36865,,,,,,,,,,,,8000,
144,Chocolate Woman Collective,17,City-wide,1,8000,,,,,,,,,,,,,,,,,,,,4800,
145,Choirs Ontario,22,City-wide,1,4800,,,,,,,,,,,,,,,,,,,,,
146,Christie Ossington Neighbourhood Centre,19,City-wide,1,67580,,,,,,,,67580,,,,,,,,,,,,1000,
147,Christie Pits Film Festival,19,Local,1,1000,,,,,,,,,,,,,,,,,,,,,
148,Church of the Redeemer,7,Local,1,70000,,,,,,,,,,,,70000,,,,,,,,,
149,Circle of Home Care Services (Toronto),25,City-wide,2,97045,,,,,,,,97045,,,,,,,,,,,,22000,
150,Clay and Paper Theatre,18,City-wide,1,22000,,,,,,,,,,,,,,,,,,,,,
151,Cliffcrest Community Centre,38,Local,1,33215,,,,,,,,33215,,,,,,,,,,,,24000,
152,COBA Collective of Black Artists,13,City-wide,1,24000,,,,,,,,,,,,,,,,,,,,40000,
153,Coleman Lemieux & Compagnie,28,City-wide,1,40000,,,,,,,,,,,,,,,,,,,,7950,
154,Common People,28,City-wide,1,7950,,,,,,,,,,,,,,,,,,,,,
155,Community Action Resource Centre,12,Area services,1,156420,,,,,,,,156420,,,,,,,,,,,,,
156,Community Centre 55,32,Local,1,15000,,,,,,,,,,,15000,,,,,,,,,,
157,Community Head Injury Resource Services of Toronto,23,City-wide,1,10337,,,,,,,,,,10337,,,,,,,,,,,
158,Community Information Fairview,33,Area Services,1,31685,,,,,,,,31685,,,,,,,,,,,,,
159,Community Matters Toronto/St. James Town Family Literacy Services. ,28,Area services,1,3500,,,,,,,,,,,3500,,,,,,,,,,
160,Community Microskills Development Centre,2,City-wide,1,77385,,,,,,,,77385,,,,,,,,,,,,,
161,Community Social Planning Council of Toronto,27,City-wide,1,384015,,,,,,,,384015,,,,,,,,,,,,20000,
162,Community Story Collective,25,Local,1,20000,,,,,,,,,,,,,,,,,,,,7000,
163,Compania Carmen Romero,34,City-wide,1,7000,,,,,,,,,,,,,,,,,,40000,,,
164,Connecting Women with Scarborough Services,14,Area Services,1,40000,,,,,,,,,,,,,,,,,,,,4000,
165,Contact Contemporary Music,27,City-wide,1,4000,,,,,,,,,,,,,,,,,,,,3000,
166,Contact Toronto Photography Festival,19,City-wide,1,3000,,,,,,,,,,,,,,,,,,,,,
167,Contemporary Textile Studio,20,City-wide,1,7350,,,,,,,,,7350,,,,,,,,,,,21000,
168,Continuum,21,City-wide,1,21000,,,,,,,,,,,,,,,,,,,,33000,
169,Corpus Dance Projects ,19,City-wide,1,33000,,,,,,,,,,,,,571725,,,,,,,,
170,COSTI Immigrant Services,17,Area services,2,698580,,,,,,,,126855,,,,,,,,,,,,,
171,Council of Agencies Serving South Asians (CASSA),35,City-wide,1,55425,,,,,,,,55425,,,,,,,,,,,,32000,
172,Craft Ontario,19,City-wide,1,32000,,,,,,,,,,,,,,,,,,,,,
173,Cross Cultural Community Services Association,20,City-wide,1,26115,,,,,,,,26115,,,,,139108,,,,,,,,
174,Cross Toronto Community Development Corp. (Fresh Start Cleaning),19,Area services,1,139108,,,,,,,,,,,,,,,,,,,,42000,
175,Crow's Theatre Company,28,City-wide,1,42000,,,,,,,,,,,,,,,,,,,,,
176,CultureLink Settlement Services,14,City-wide,1,67895,,,,,,,,67895,,,,,,,,,,,,2200,
177,Cue6 Theatre Company Inc,20,City-wide,1,2200,,,,,,,,,,,,,,,,,,,,5000,
178,Culchahworks Arts Collective,19,City-wide,1,5000,,,,,,,,,,,,,,,,,,,,31000,
179,Dance Collection Danse,27,City-wide,1,31000,,,,,,,,,,,,,,,,,,,,25000,
180,Dance Immersion Ontario,20,City-wide,1,25000,,,,,,,,,,,,,,,,,,,,10000,
181,Dance Matters Dance Productions,14,City-wide,1,10000,,,,,,,,,,,,,,,,,,,,20000,
182,Dance Ontario Association,20,City-wide,1,20000,,,,,,,,,,,,,,,,,,,,92000,
183,Dancemakers,28,City-wide,1,92000,,,,,,,,,,,,,,,,,,,,55000,
184,DanceWorks,20,City-wide,1,55000,,,,,,,,,,,,,,,,,,,,9000,
185,Dancing with Parkinson's Inc. ,27,City-wide,1,9000,,,,,,,,,,,,,,,,,,,,,
186,Davenport Perth Neighbourhood Centre,17,Area services,1,84960,,,,,,,,84960,,,,,,,,,,,,5000,
187,Dead Roads Collective ,13,City-wide,1,5000,,,,,,,,,,,,,,,,,,,,,
188,Delta Family Resource Centre,7,Area Services,3,151945,35000,,,,10000,,,106945,,,,,,,,,,,,9000,
189,Dia de los Muertos Collective,21,City-wide,1,9000,,,,,,,,,,,,,,,,,,,,45000,
190,Diaspora Dialogues Charitable Society,20,City-wide,1,45000,,,,,,,,,,,,,,,,,,,,3000,
191,Directors Lab North,30,City-wide,1,3000,,,,,,,,,,,,,,,,,,,,,
192,Distress Centres,27,City-wide,1,111605,,,,,,,,111605,,,,,,,,,,,,,
193,Dixon Community Services,2,Local,1,53150,,,,,,,,53150,,,,,,,,,,,,,
194,Dixon Hall,28,Local,1,345350,,,,,,,,345350,,,,,,,,,,,,20000,
195,Dixon Hall Music School,28,Local,1,20000,,,,,,,,,,,,,,,,,,,,,
196,Doorsteps Neighbourhood Services,7,Area Services,1,125350,,,,,,,,125350,,,,,,,,,,,,51000,
197,Doris McCarthy Gallery,44,City-wide,1,51000,,,,,,,,,,,,,,,,,,40000,,,
198,Dorset Park Neighbourhood Association,40,Area Services,1,40000,,,,,,,,,,,,,,,,,,,,,
199,Dorset Park Neighbourhood Transition Group,37,Area services,1,75000,,,,,,,75000,,,,,,,,,,,,,,
200,Downtown Yonge BIA,27,Area services,1,9000,,,,,,,,,,,9000,,,,,,,,,,
201,Dovercourt Boys' and Girls' Club,18,Local,1,52400,,,,,,,,52400,,,,,,,,,,,,15000,
202,Dreamwalker Dance Co.,28,City-wide,1,15000,,,,,,,,,,,,,,,,,,,,19000,
203,Drum Artz Canada,17,Local,1,19000,,,,,,,,,,,,,,,,,,,,,
204,Drum Artz Community Centre,17,City-wide,1,39570,,,,,,,,,39570,,,,,,,,,,,41000,
205,Dusk Dances,30,Local,1,41000,,,,,,,,,,,,,,,,,,,,6500,
206,e-fagia visual and media art organization,14,City-wide,1,6500,,,,,,,,,,,,,,,,,,,,2500,
207,Earwitness Productions,19,Local,1,2500,,,,,,,,,,,,,,,110000,,,,,,
208,East End Arts,29,Area Services,2,110000,,,,,,,,,,,,,,,,,,,,,
209,East Metro Youth Services,38,Area Services,1,63240,,,,,,,,63240,,,,,,,,,,,,5600,
210,East Scarborough Boys & Girls Club,43,Area Services,3,185250,,,,,,,,166150,,,13500,,,,,,,,,,
211,East Scarborough Storefront / Tides Canada Initiatives,43,Area services,3,155570,,,36500,,,35000,,84070,,,,,82828,,,,,,,,
212,East York East Toronto Family Resources Organization - Housing Help Centre,30,Area services,2,111068,,,,,,,,28240,,,,,227392,,,,,,,,
213,East York East Toronto Family Resources Organization - Landlord Connect,30,City-wide,1,227392,,,,,,,,,,,,,,,,,,,,,
214,East York Meal on Wheels,26,Local,1,27155,,,,,,,,27155,,,,,,,,,,,,,
215,Eastview Neighbourhood Community Choir,30,Area Services,1,62980,,,,,,,,62980,,,,,,,,,,,,7500,
216,Echo Women's Choir,27,City-wide,1,7500,,,,,,,,,,,,,,,,,,25000,,,
217,Eglinton East-Kennedy Park Community Project,36,Area services,1,25000,,,,,,,,,,,,,,,,,,,,,
218,Eglinton East-Kennedy Park Youth Service Providers Network,36,Area services,1,7000,,,,,7000,,,,,,,,,,,,,,,7000,
219,Eight Fest Small-Gauge Film Festival,20,City-wide,1,7000,,,,,,,,,,,,,,,,,,,,15000,
220,Eldritch Theatre,30,City-wide,1,15000,,,,,,,,,,,,,,,,,,,,3000,
221,Elle Productions Collective,20,City-wide,1,3000,,,,,,,,,,,,,,,,,,,,,
222,Elspeth Heyworth Centre for Women,7,Area Services,1,28135,,,,,,,,28135,,,,,,,,,,,,10000,
223,Emerging Young Artists Inc,28,Local,1,10000,,,,,,,,,,,,,,,,,,,,4000,
224,Ensemble Polaris,20,City-wide,1,4000,,,,,,,,,,,,,,,,,,,,,
225,Epilepsy Toronto,28,City-wide,1,40235,,,,,,,,40235,,,,,,,,,,,,,
226,Eritrean Canadian Community Centre,21,City-wide,2,66805,38000,,,,,,,28805,,,,,,,,,,,,23000,
227,Esmeralda Enrique Spanish Dance Company,20,City-wide,2,63000,,,,,,,,,40000,,,,,,,,,,,4750,
228,Etobicoke Centennial Choir,4,Local,1,4750,,,,,,,,,,,,,,,,,,,,6500,
229,Etobicoke Community Concert Band,5,Local,1,6500,,,,,,,,,,,,,,,,,,,,,
230,Etobicoke Historical Society,4,City-wide,1,16000,,,,,,16000,,,,,,,,,,,,,,11000,
231,Etobicoke Philharmonic Orchestra,3,Local,1,11000,,,,,,,,,,,,,,,,,,,,,
232,Etobicoke Services for Seniors,2,Area services,1,49085,,,,,,,,49085,,,,,61311,,,,,,,,
233,Evangel Hall,20,Local,1,61311,,,,,,,,,,,,,,,,,,,,,
234,Everdale - Black Creek Community Farm,8,Area Services,2,56500,40000,,16500,,,,,,,,,,,,,,,,,30000,
235,Expect Theatre,1,Local,1,30000,,,,,,,,,,,,,,,,,,,,7000,
236,Express Arte,8,Local,1,7000,,,,,,,,,,,,,,,,,,,,,
237,Extend-A-Family,16,City-wide,1,23045,,,,,,,,23045,,,,,,,,,,,,7000,
238,Exultate Chamber Singers,20,City-wide,1,7000,,,,,,,,,,,,,,,,,,,,5000,
239,F-You: The Forgiveness Project,27,Local,1,5000,,,,,,,,,,,,,,,,,,,,158000,
240,Factory Theatre,20,City-wide,1,158000,,,,,,,,,,,,,,,,,,,,24000,
241,FADO Performance Inc.,19,City-wide,1,24000,,,,,,,,,,,,,,,,,,,,,
242,Family Services Toronto,27,City-wide,1,101995,,,,,,,,101995,,,,,,,,,,,,3000,
243,FAWN Chamber Creative,18,City-wide,1,3000,,,,,,,,,,,,,,,,,,,,,
244,FCJ Refugee Centre,17,City-wide,4,310000,,230000,25000,46000,9000,,,,,,,,,,,,,,,10000,
245,FCJ Youth Network,17,Local,1,10000,,,,,,,,,,,,,,,,,,,,3000,
246,Feast Collective,14,City-wide,1,3000,,,,,,,,,,,,,,10000,,,,,,,
247,FEAT for Childre of Incarcerated Parents,6,City Wide,1,10000,,,,,,,,,,,,,,,,560000,,,,,
248,Festival Management Committee/Toronto Caribbean Carnival-Caribana ,31,City-wide,1,560000,,,,,,,,,,,,,100000,,,,,,,,
249,Fife House,27,City Wide,1,100000,,,,,,,,,,,,,,,,,,,,6000,
250,Film for Artists,19,City-wide,1,6000,,,,,,,,,,,,,,,,,,,,,591670
251,Find Help Toronto,20,City-wide,1,591670,,,,,,,,,,,,,,,,,,,,,
252,Firgrove Community Learning Centre,11,Local,1,8000,,,,,8000,,,,,,,,,,,,,,,,
253,First Portuguese Canadian Cultural Centre of Toronto,17,Area Services,1,13290,,,,,,,,13290,,,,,,,,,,,,,
254,Flemingdon Health Centre,26,Area Services,1,36000,,,36000,,,,,,,,,,,,,,,,,,
255,Flemingdon Urban Fair Committee,26,Area Services,1,9000,,,,,9000,,,,,,,,,,,,,,,,
256,FoodShare Toronto,18,City-wide,2,252510,45000,,,,,,,207510,,,,,,,,,,,,,
257,For You Telecare Family Services Inc. (FUTFS),25,City-wide,1,15060,,,,,,,,15060,,,,,,,,,,,,,
259,For Youth Initiative in Toronto,12,Area Services,1,116260,,,,,,,,116260,,,,,,,,,,,,10000,
260,Franco-fete de la communaute urbaine de Toronto,27,City-wide,1,10000,,,,,,,,,,,,,,,,,,,,7500,
261,Francophoneie En Fete,20,City-wide,1,7500,,,,,,,,,,,,,,,,,,,,5000,
262,Franklin Carmichael Art Group,1,Local,1,5000,,,,,,,,,,,,,,,,,,,,,
262,Franklin Horner Community Centre,6,City-wide,1,28245,,,,,,,,28245,,,,,,,,,,,,,
263,FRESH Collective,20,Area Services,1,40000,,,,40000,,,,,,,,,,,,,15610,,,,
264,Friends of Fort York (Summer Guard),28,City-wide,1,15610,,,,,,,,,,,,,,,,,,,,22000,
266,fu-GEN Theatre Company,28,City-wide,1,22000,,,,,,,,,,,,,,,,,,,,17000,
267,Fujiwara Dance Inventions,20,City-wide,1,17000,,,,,,,,,,,,,,,,,,,,94000,
268,Gallery 44,20,City-wide,1,94000,,,,,,,,,,,,,,,,,,,,,
269,Gallery TPW,18,City-wide,1,12500,,,,,,,,,12500,,,,,,,,,,,,
270,"Gatehouse Child Abuse Investigation and Support Site, The",6,City-wide,1,23045,,,,,,,,23045,,,,,,,,152220,,,,,
271,George R. Gardiner Museum of Ceramic Art/Gardiner Museum,27,City-wide,1,152220,,,,,,,,,,,,,,,,,,,,,
272,George S. Syme Seniors Centre of York,11,Area services,1,87325,,,,,,,,87325,,,,,,,,,,40000,,,
273,G.E.T (Grassroots Education and Training) Schooled (ArtReach Toronto/Tides Canada),20,City-wide,1,40000,,,,,,,,,,,,,,,,,,,,11000,
274,Girls in Bow Ties,7,City-wide,1,11000,,,,,,,,,,,,,,,,,,,,6000,
275,Girls Rock Camp Toronto,20,City-wide,1,6000,,,,,,,,,,,,,,,,,,,,1775,
276,Glad Day Bookshop Proud Voices Collective,27,City-wide,1,1775,,,,,,,,,,,,,,,,,,,,,15000
277,Glenn Gould Foundation,28,City-wide,1,15000,,,,,,,,,,,,,,,,,,,,3000,
278,Golden Age,18,City-wide,1,3000,,,,,,,,,,,,,,,,,,30000,,,
279,Grace Hartman Wilcox Creek Coop Advisory Committee,42,Area services,1,30000,,,,,,,,,,,,,,,,,,,,,
280,Grassroots Canada Basketball,8,City-wide,1,10738,,,,,,,,,,10738,,,,,,,,,,,
281,Greenest City,14,Area services,1,20000,,,,,,,,,,,20000,,,,,,,,,,
282,GreenHere,18,Area Services,1,12000,,,12000,,,,,,,,,,,,,,,,,9000,
283,group of 27,27,Local,1,9000,,,,,,,,,,,,,,,,,,,,2000,
284,Hand Eye Society,27,City-wide,1,2000,,,,,,,,,,,,,,,,,,,,285000,
285,Harbourfront Centre,20,City-wide,1,285000,,,,,,,,,,,,,,,,,,,,,
286,Harbourfront Community Centre - City Of Toronto,20,Area services,3,110415,,,25000,,,,,68915,,,16500,,,,,,,,,,
287,Harmony Hall Centre for Seniors,31,Area Services,1,96075,,,,,,,,96075,,,,,,,,,,,,,
288,Harriet Tubman Community Organization,33,Local,2,68875,,,,,,20000,,48875,,,,,,,,,,,,3500,
289,Health Arts Society of Ontario,28,Local,1,3500,,,,,,,,,,,,,,,,,,,,1000,
290,Heretical Objects Cooperative,21,City-wide,1,1000,,,,,,,,,,,,,,,,,,,,,
291,Heritage - 290 Annette Street,13,Local,1,6750,,,,,,,,,,,,6750,,,,,,,,,
292,Heritage - 114 Bedford Road,20,Local,1,10000,,,,,,,,,,,,10000,,,,,,,,,
293,Heritage - 169 Blythwood Road,25,Local,1,3400,,,,,,,,,,,,3400,,,,,,,,,
294,Heritage - 285 Carlton Street,28,Local,1,7500,,,,,,,,,,,,7500,,,,,,,,,
295,Heritage - 97 Cluny Drive,27,Local,1,10000,,,,,,,,,,,,10000,,,,,,,,,
296,Heritage - 10 Geneva Avenue,28,Local,1,10000,,,,,,,,,,,,10000,,,,,,,,,
297,Heritage - 14 Geneva Avenue,28,Local,1,10000,,,,,,,,,,,,10000,,,,,,,,,
298,Heritage - 30 Geneva Avenue,28,Local,1,5340,,,,,,,,,,,,5340,,,,,,,,,
299,Heritage - 32 Geneva Avenue,28,Local,1,5340,,,,,,,,,,,,5340,,,,,,,,,
300,Heritage - 40 Glen Road,27,Local,1,49500,,,,,,,,,,,,49500,,,,,,,,,
301,Heritage - 88 Hazelton Avenue,27,Local,1,8800,,,,,,,,,,,,8800,,,,,,,,,
302,Heritage - 90 Hazelton Avenue,27,Local,1,8800,,,,,,,,,,,,8800,,,,,,,,,
303,Heritage - 238 Robert Street,20,Local,1,10000,,,,,,,,,,,,10000,,,,,,,,,
304,Heritage - 32 Salisbury Avenue,28,Local,1,10000,,,,,,,,,,,,10000,,,,,,,,,
305,Heritage - 14 Wellesley Avenue,28,Local,1,7900,,,,,,,,,,,,7900,,,,,,,,,
306,Heritage - 16 Wellesley Avenue,28,Local,1,7900,,,,,,,,,,,,7900,,,,,,,,,
307,Heritage - 17 Wellesley Avenue,28,Local,1,10000,,,,,,,,,,,,10000,,,,,,,,,
308,Heritage - 19 Wellesley Avenue,28,Local,1,10000,,,,,,,,,,,,10000,,,,,,,,,
309,Heritage - 82 West Avenue,30,Local,1,10000,,,,,,,,,,,,10000,,,,,,,,,
310,Hispanic Canadian Heritage Council (The),8,City Wide,1,175000,,175000,,,,,,,,,,,,,,,,,,,
311,Hispanic Development Council,20,City-wide,1,55425,,,,,,,,55425,,,,,,,,,,,,,
312,Hong Fook Mental Health Association,41,City-wide,1,23045,,,,,,,,23045,,,,,,,,,,,,2500,
313,Hogtown Collective,29,City-wide,1,2500,,,,,,,,,,,,,,,,,,,,5000,
314,Hope and Hell Theatre Company,20,City-wide,1,5000,,,,,,,,,,,,,,,,,,,,,
315,Hope House Youth Charities,16,City-wide,1,11625,,,,,,,,,,11625,,,,,,,,,,98000,
316,Hot Docs Canadian International Documentary Festival,20,City-wide,1,98000,,,,,,,,,,,,,,,,,,,,13000,
317,Human Cargo,30,Local,1,13000,,,,,,,,,,,,,,,,,,,,,
318,Humber Community Seniors' Services Inc.,11,Area services,1,35375,,,,,,,,35375,,,,,,,,,,,,10000,
319,I-Insight,20,City-wide,1,10000,,,,,,,,,,,,,,,,,,,,5000,
320,IFT (IT¡¯S A FREEDOM THING) THEATRE,23,Local,1,5000,,,,,,,,,,,,,,,,,,,,65000,
321,imagineNATIVE Film + Media Arts Festival,20,City,1,65000,,,,,,,,,,,,,,,,,,,,6500,
322,IMPACT 'n Communities,43,Local,1,6500,,,,,,,,,,,,,,,,,,,,7000,
323,Independent Auntie Productions,27,City-wide,1,7000,,,,,,,,,,,,,,,,,,,,60000,
324,Indigenious Performing Arts Alliance,28,City-wide,1,60000,,,,,,,,,,,,,,,,,,,,8000,
325,Indigenious Routes,18,City-wide,1,8000,,,,,,,,,,,,,,,,,,,,15000,
326,Indigenious Writers' Gathering Collective,31,City-wide,1,15000,,,,,,,,,,,,,,,,,,,,46500,
327,Inner City Angels,28,City-wide,1,46500,,,,,,,,,,,,,,,,,,,,62000,
328,Inside Out Lesbian and Gay Film Festival,20,City-wide,1,62000,,,,,,,,,,,,,,,,,,,,51000,
329,InterAccess ,19,City-wide,1,51000,,,,,,,,,,,,,,,,,,,,195000,
330,International Readings at Harbourfront,20,City-wide,1,195000,,,,,,,,,,,,,,,,,,,,2000,
331,International Resource Centre for Performing Artists,28,City-wide,1,2000,,,,,,,,,,,,,,,,,,,,3000,
332,Invention Squad,19,Local,1,3000,,,,,,,,,,,,,,,,,,,,15000,
333,Ipsita Nova Dance Projects,19,City-wide,1,15000,,,,,,,,,,,,,,,,,,,,6000,
334,Iranian Canadian Centre for the Arts,24,City-wide,1,6000,,,,,,,,,,,,,,,,,,,,,
335,Iranian Women's Organization of Ontario,33,City-wide,1,33670,,,,,,,,33670,,,,,,,,,,,,,
336,Islington Centre - Etobicoke Senior Citizens,5,Area services,1,34005,,,,,,,,34005,,,,,,,,,,,,25000,
338,Ismailova Theatre of Dance,10,Local,1,25000,,,,,,,,,,,,,,,,,,,,8000,
339,Isshin Daiko,19,City-wide,1,8000,,,,,,,,,,,,,,,,,,,,5000,
340,IVI Magazine,43,Local,1,5000,,,,,,,,,,,,,,,,,,,,12000,
341,Jamii Esplanade,28,Local,1,12000,,,,,,,,,,,,,,,,,,,,,
342,Jane Finch Community and Family Centre,8,Local,2,183240,,,,,,30000,,153240,,,,,,,,,,,,,
343,Jane Finch Panam Host Committee,11,City-wide,1,38000,,,,,,38000,,,,,,,,,,,,,,,
344,Japanese Canadian Cultural Centre,26,City-wide,1,39000,,,,,,,,,39000,,,,,,,,,,,,
345,Japanese Social Services,26,City-wide,1,28805,,,,,,,,28805,,,,,,,,,,,,6000,
346,Jayu,20,City-wide,1,6000,,,,,,,,,,,,,,,,,,,,7000,
347,JD Dance,27,City-wide,1,7000,,,,,,,,,,,,,,,,,,,,,
348,Jessie's - The June Callwood Centre for Young Women and Families,28,City-wide,1,21630,,,,,,,,21630,,,,,,,,,,,,2000,
349,Jeunessess Musicales Ontario,20,City-wide,1,2000,,,,,,,,,,,,,,,,,,,,,
350,John Howard Society of Toronto,27,City-wide,2,53250,,,,40000,,,,13250,,,,,,,,,,,,5000,
351,Jubilate Singers,28,City-wide,1,5000,,,,,,,,,,,,,,,,,,,,68000,
352,Jumblies Theatre,20,Area services,1,68000,,,,,,,,,,,,,,,,,,,,2500,
353,JunctQin Keyboard Collective,27,City-wide,1,2500,,,,,,,,,,,,,,,,,,,,,
354,Just Bgraphic Inc,7,Local,2,44000,,,,,7000,37000,,,,,,,,,,,,,,5000,
355,Justina M. Barnicke Gallery,20,City-wide,1,5000,,,,,,,,,,,,,,,,,,,,,
356,Kababayan Community Service Centre Inc.,14,City-wide,1,33215,,,,,,,,33215,,,,,,,,,,,,60900,
357,Kaeja d'Dance,20,City-wide,1,60900,,,,,,,,,,,,,,,,,,,,32000,
358,Kaha:wi Dance Theatre,20,City-wide,1,32000,,,,,,,,,,,,,,,,,,,,8000,
359,Kaisoca Pass De Torch,42,City-wide,1,8000,,,,,,,,,,,,,,,,,,,,10000,
360,Kapisanan Philippine Centre for Arts and Culture,20,City-wide,1,10000,,,,,,,,,,,,,,,,,,,,6000,
361,KasheDance,14,City-wide,1,6000,,,,,,,,,,,,,,,,,,,,,
362,KCWA Family and Social Services,20,City-wide,1,39240,,,,,,,,39240,,,,,,,,,,,,5000,
363,Kemi Contemporary Dance Projects,18,City-wide,1,5000,,,,,,,,,,,,,,,,,,,,13500,
364,Keys To The Studio,14,City-wide,1,13500,,,,,,,,,,,,,,,,,,,,10000,
365,Kick Start Arts Society,2,Local,1,10000,,,,,,,,,,,,,,,,,,,,3500,
366,kith & kin,28,City-wide,1,3500,,,,,,,,,,,,,,,,,,,,6000,
367,kiy collective,14,Local,1,6000,,,,,,,,,,,,,,,,,,,,50000,
368,Koffler Gallery,19,City-wide,1,50000,,,,,,,,,,,,,,,,,,,,17000,
369,Korean Dance Studies Society,27,City-wide,1,17000,,,,,,,,,,,,,,,,,,,,,
370,"Korean Senior Citizens Society of Toronto, The",19,City-wide,1,22150,,,,,,,,22150,,,,,,,,,,,,,
371,LA Centre for Active Living 55+,18,City-wide,1,21685,,,,,,,,21685,,,,,,,,,,,,,
372,Lakeshore Area Multi-Service Project (LAMP),6,Local,1,79735,,,,,,,,79735,,,,,,,232430,,,,,,
373,Lakeshore Arts Committee,6,Local,1,232430,,,,,,,,,,,,,,,,,,,,,
374,Lakeshore Village Action Group,6,City-wide,1,27000,,,,,,27000,,,,,,,,,,,,,,,
375,Lao Association of Ontario,9,City-wide,1,31110,,,,,,,,31110,,,,,,,,,,,,5500,
376,Las Perlas del Mar Productions Inc,20,City-wide,1,5500,,,,,,,,,,,,,,,,,,,,29000,
377,Latin American Art Projects,21,City-wide,1,29000,,,,,,,,,,,,,,,,,,,,8000,
378,Latin St. Music,9,Local,1,8000,,,,,,,,,,,,,,,,,,,,,
379,Latvian Canadian Cultural Centre,34,City-wide,1,25000,,,,,,,,,25000,,,,,,,,,,,,
380,Latvian Senior Citizen's Association,34,City-wide,1,11075,,,,,,,,11075,,,,,,,,,,,,18000,
381,Le Laboratoire d'Art,19,City-wide,1,18000,,,,,,,,,,,,,,,,,,,,117000,
382,Le Th¨¦?tre fran?ais de Toronto,28,City-wide,1,117000,,,,,,,,,,,,,,,,,,,,5000,
383,Le Theatre La Tangente,22,City-wide,1,5000,,,,,,,,,,,,,,,,,,,,,
384,LEAF - Local Entertainment & Appreciation of Forests,21,City-wide,1,34500,,,34500,,,,,,,,,,,,,,,,,19100,
385,League of Canadian Poets,20,City-wide,1,19100,,,,,,,,,,,,,,,,,,,,,
386,Learning Disabilities Association Toronto,23,City-wide,1,59110,,,,,,,,59110,,,,,,,,,,,,13000,
387,Lemon Tree Theatre Creations,27,City-wide,1,13000,,,,,,,,,,,,,,,,,,,,2000,
388,Les Amis Concerts,27,City-wide,1,2000,,,,,,,,,,,,,,,,,,,,,
389,Les Centres d'Accueil Heritage,28,City-wide,1,59900,,,,,,,,59900,,,,,,,,,,,,,
390,Lesbian Gay Bi Trans Youth Line,28,City-wide,1,41790,,,,,,,,41790,,,,,,,,,,,,77000,
391,Liaison of Independent Filmakers of Toronto,18,City-wide,1,77000,,,,,,,,,,,,,,,,,,,,2000,
392,Literary Managers and Dramaturgs of the Americas,37,City-wide,1,2000,,,,,,,,,,,,,,,,,,,,7500,
393,Litmus Theatre Collective,19,City-wide,1,7500,,,,,,,,,,,,,,,,,,,,13000,
394,Little Pear Garden Collective,28,City-wide,1,13000,,,,,,,,,,,,,,,,,,,,10000,
395,Long Winter,19,City-wide,1,10000,,,,,,,,,,,,,,10000,,,,,,20000,
396,Lost Lyrics,20,Local,2,30000,,,,,,,,,,,,,,,,,,,,25000,
397,Lulu Music and Arts Centre,18,City-wide,1,25000,,,,,,,,,,,,,,,,,,,,,
398,Lumacare Services,10,City-wide,1,83940,,,,,,,,83940,,,,,,,,,,,,30000,
399,MABELLEarts,5,Local,1,30000,,,,,,,,,,,,,,,,,,,,5000,
400,Magazines Canada,20,City-wide,1,5000,,,,,,,,,,,,,,,,,,,,7200,
401,Malvern Family Resource Centre,42,Local,5,287880,,,43000,,,25000,,191680,,,21000,,,,,,,40000,,,
402,Malvern Stakeholder Group,42,Area services,2,115000,,,,,,,75000,,,,,,,,,,,,,35000,
403,Mammalian Diving Reflex,18,City-wide,1,35000,,,,,,,,,,,,,,,,,,,,35000,
404,Manifesto Community Projects,20,City Wide,1,35000,,,,,,,,,,,,,,,,,,,,8000,
405,Maracatu Mar Aberto,18,City-wide,1,8000,,,,,,,,,,,,,,,,,,,,27000,
406,Mariposa in the Schools,28,City-wide,1,27000,,,,,,,,,,,,,,,,,,,,10000,
407,Mashed Collective,29,Local,1,10000,,,,,,,,,,,,,,,,,,,,,
408,Massey Centre for Women,29,City Wide,1,26850,,,,,,,,26850,,,,,,,,,,,,32750,
409,Mayworks,20,City-wide,1,32750,,,,,,,,,,,,,,,,,,,,7000,
410,Media Arts Network of Ontario,20,City-wide,1,7000,,,,,,,,,,,,,,,,,,,,8000,
411,Median Contemporary,20,Area services,1,8000,,,,,,,,,,,,,,,,,,,,35000,
412,Menaka Thakkar Dance Company,20,City-wide,1,35000,,,,,,,,,,,,,,,,,,,,,
413,Mennonite New Life Centre of Toronto,32,Area services,1,45000,45000,,,,,,,,,,,,,,,,,,,70000,
414,Mercer Union ,18,City-wide,1,70000,,,,,,,,,,,,,,,,,,,,,
415,Metropolitan Action Committee on Violence Against Women & Children (METRAC),20,City-wide,1,304210,,,,,,,,304210,,,,,,,,,,,,6000,
416,Miles Nadal Jewish Community Centre,20,City-wide,1,6000,,,,,,,,,,,,,,,,,,,,18825,
417,Mixed Company,28,City-wide,1,18825,,,,,,,,,,,,,,,,,,,,7000,
418,MLC,27,City-wide,1,7000,,,,,,,,,,,,,,,,,,,,28000,
419,Modern Times Stage Company,27,City-wide,1,28000,,,,,,,,,,,,,,,,,,,,,
420,Momiji Health Care Society,36,City-wide,1,35485,,,,,,,,35485,,,,,,,,,,,,,
421,Mood Disorders Association of Ontario,16,City-wide,1,17290,,,,,,,,17290,,,,,,,,,,,,10300,
422,MOonhORsE dance theatre,28,City-wide,1,10300,,,,,,,,,,,,,,,,,,,,4000,
423,Mooredale Concerts,20,City-wide,1,4000,,,,,,,,,,,,,,,,,,,,11000,
424,Motion Live Collective,28,City-wide,1,11000,,,,,,,,,,,,,,,,,,,,6600,
425,Moveable Beast,17,City-wide,1,6600,,,,,,,,,,,,,,,,,,,,11000,
426,Muhtadi International Drumming Festival,32,City-wide,1,11000,,,,,,,,,,,,,,,,,,,,20000,
427,Mural Routes Inc.,36,City-wide,2,76500,,,,,,,,,,,56500,,,,,,,,,31000,
428,Music Africa of Canada Inc.,32,City-wide,1,31000,,,,,,,,,,,,,,,,,,,,,12500
429,"Music Garden, Harbourfront Centre ",20,City-Wide,1,12500,,,,,,,,,,,,,,,,,,,,5000,
430,Music Mondays Community Series,27,City-wide,1,5000,,,,,,,,,,,,,,,,,,,,86500,
431,Music Toronto,28,City-wide,1,86500,,,,,,,,,,,,,,,,,,,,10000,
432,Muslimah making Media,19,Local,1,10000,,,,,,,,,,,,,,,,,,,,9200,
433,My Body is My Canvas,23,Local,1,9200,,,,,,,,,,,,,,,,,,,,22000,
434,Nagata Shachu Japaneses Taiko and Music Garden,20,City-wide,1,22000,,,,,,,,,,,,,,,,1250000,,,,,
435,National Ballet of Canada ,20,City-wide,1,1250000,,,,,,,,,,,,,,,,,,,,7500,
436,National Shevchenko Musical Ensemble,15,City-wide,1,7500,,,,,,,,,,,,,,,,,,,,,
437,Native Canadian Centre of Toronto ,20,City-wide,2,96340,,,,,,18000,,78340,,,,,,,,,,,,,
438,Native Child and Family Services of Toronto,27,Area services,1,115125,,,,,,,,115125,,,,,,,,,,,,78000,
439,Native Earth Performing Arts,28,City-wide,1,78000,,,,,,,,,,,,,,,,,,,,16500,
440,Native Women in the Arts,20,City-wide,1,16500,,,,,,,,,,,,,,,,,,,,,
441,Native Women's Resource Centre of Toronto,27,Area services,1,88320,,,,,,,,88320,,,,,,,,,,,,100000,
442,Neighbourhood Arts Network ,20,City-wide,1,100000,,,,,,,,,,,,,,,,,,,,,
443,Neighbourhood Festival Group,11,Area Services,1,7000,,,,,7000,,,,,,,,98615,,,,,,,,
444,Neighbourhood Group Community Services,28,Area services,3,560965,,,,44000,,,,411350,,,,,,,,,,,,,
445,Neighbourhood Information Centre,28,Area services,2,147160,,,,,9000,,,138160,,,,,,,,,,,,13500,
446,New Adventures In Sound Art,21,Area services,1,13500,,,,,,,,,,,,,,,,,,,,,
447,New Canadian Community Centre,24,City-wide,1,43475,,,,,,,,43475,,,,,,,,,,,,55000,
448,New Music Concerts,20,City-wide,1,55000,,,,,,,,,,,,,,,,,,,,10000,
449,Newcomer Girls Action Committee,30,Local,1,10000,,,,,,,,,,,,,,,,,,,,,
450,Newcomers Women's Services Toronto,30,City-wide,1,41480,,,,,,,,41480,,,,,,,,,,,,41000,
451,NIA Centre for the Arts,33,Area services,2,74000,,,,33000,,,,,,,,,,,,,,,,17000,
452,Nightswimming,28,City-wide,1,17000,,,,,,,,,,,,,,,,,,,,73000,
453,Nightwood Theatre,27,City-wide,1,73000,,,,,,,,,,,,,,,,,,,,,
454,Nikki Knows,28,Area services,1,46000,46000,,,,,,,,,,,,,,,,,,,,
455,NIP- Newcomer Information Post,28,City-wide,1,39740,,,,,,,,39740,,,,,,,,,,,,2000,
456,No 9 Contemporary Art and the Environment,20,City-wide,1,2000,,,,,,,,,,,,,,,174240,,,,,,
457,North York Arts,23,City Wide,1,174240,,,,,,,,,,,,,,,,,,,,,
458,North York Community House,15,Area services,1,125920,,,,,,,,125920,,,,,,,,,,,,,
459,North York Harvest Food Bank,15,Area Services,1,23045,,,,,,,,23045,,,,,,,,,,,,,
460,North York Seniors Centre,23,Area services,1,89635,,,,,,,,89635,,,,,,,,,,,,,
461,North York Womens Resource Centre,15,Area services,1,49235,,,,,,,,49235,,,,,,,,,,,,58000,
462,Northern Visions Independent Film & Video Organization,20,City-wide,1,58000,,,,,,,,,,,,,,,,,,,,,
463,Northwood Neighbourhood Services,11,Area services,1,45635,,,,,,,,45635,,,,,,,,,,,,50000,
464,Obsidian Theatre Company,20,City-wide,1,50000,,,,,,,,,,,,,,,,,,,,4000,
465,On the MOVE,27,City-wide,1,4000,,,,,,,,,,,,,,,,,,,,1500,
466,One Little Goat Theatre Company,20,City-wide,1,1500,,,,,,,,,,,,,,,,,,,,24000,
467,Ontario Association of Art Galleries,20,City-wide,1,24000,,,,,,,,,,,,,,,,,,,,,
468,Ontario Community Centre for the Deaf (The),25,City-wide,1,13290,,,,,,,,13290,,,,,,,,,,45000,,,
469,Ontario Council of Agencies Serving Immigrants (OCASI),16,City-wide,3,97675,25000,,,,,,,27675,,,,,,,,,,,,,
470,Ontario Historical Society,23,Local,1,10000,,,,,,,,,,,,10000,,,,,,,,,
471,Ontario Justice Education Networt/Reseau Ontarien D'Education Juridicue,27,City-wide,1,40000,,,,40000,,,,,,,,,,,,,,,,50000,
472,ONTARIO PRESENTS,20,Local,1,50000,,,,,,,,,,,,,,,,,,,,8000,
473,Open Book Foundation,20,City-wide,1,8000,,,,,,,,,,,,,,,,,,,,2900,
474,Open Door Storytelling Project,29,City-wide,1,2900,,,,,,,,,,,,,,,,,,,,6000,
475,Open Roof Films Entertainment Inc.,18,City-wide,1,6000,,,,,,,,,,,,,,,,,,,,73000,
476,Open Studio,20,City-wide,1,73000,,,,,,,,,,,,,,,,,,,,140000,
477,Opera Atelier,27,City-wide,1,140000,,,,,,,,,,,,,,,,,,,,8000,
478,Opera Five Inc.,27,City-wide,1,8000,,,,,,,,,,,,,,,,,,,,30000,
479,Opera In Concert,28,City-wide,1,30000,,,,,,,,,,,,,,,,,,,,,
480,Operation Springboard,27,City-wide,1,36000,,,,36000,,,,,,,,,,,,,,,,,
481,Opportunity for Advancement,20,City-wide,1,46080,,,,,,,,46080,,,,,,,,,,,,21000,
482,Orchestra Toronto,23,City-wide,1,21000,,,,,,,,,,,,,,,,,,,,9400,
483,Oriana Women's Choir,22,City-wide,1,9400,,,,,,,,,,,,,,,,,,,,20000,
484,Orpheus Choir of Toronto,22,City-wide,1,20000,,,,,,,,,,,,,,,,,,,,15000,
485,Outside Looking In,28,City Wide,1,15000,,,,,,,,,,,,,,,,,,,,,
486,PAL-Reading Services Inc. ,27,City-wide,1,15330,,,,,,,,15330,,,,,,,,,,,,9000,
487,Pan Trinbago Steelband Assoc. of Ontario,29,City-wide,1,9000,,,,,,,,,,,,,,,,,,,,3500,
488,Pandemic Theatre,20,City-wide,1,3500,,,,,,,,,,,,,,,,,,,,15000,
489,Paprika Festival,18,City-wide,1,15000,,,,,,,,,,,,,,,,,,,,4200,
490,Paradigm Productions,28,City-wide,1,4200,,,,,,,,,,,,,,,,,,,,10000,
491,Parkdale Activity Recreation Centre,14,Local,1,10000,,,,,,,,,,,,,,,,,,,,2000,
492,Parkdale Beauty Pageant Society,14,Local,1,2000,,,,,,,,,,,,,,,,,,,,,
493,Parkdale Community Information Centre,14,Local,1,26690,,,,,,,,26690,,,,,,,,,,,,,
494,Parkdale Golden Age Foundation,14,Area services,1,56000,,,,,,,,56000,,,,,,,,,,,,,
495,Parkdale Intercultural Association (Toronto),14,Local,1,68635,,,,,,,,68635,,,,,,,,,,,,5000,
496,Parkdale Village Arts Collective,14,City-wide,1,5000,,,,,,,,,,,,,,,,,,,,,
497,Passerelle Int¨¦gration et D¨¦veloppement ?conomiques,27,City-wide,3,112500,30000,,,,,20000,,62500,,,,,,,,,,,,15000,
498,Pax Christi Chorale,23,City-wide,1,15000,,,,,,,,,,,,,,,,,,,,3500,
499,Pea Green Theatre Group,17,City-wide,1,3500,,,,,,,,,,,,,,,,,,,,22500,
500,Peggy Baker Dance Projects,28,City-wide,1,22500,,,,,,,,,,,,,,,,,,,,6300,
501,People of the Motherland-A World of Cultures,30,City-wide,1,6300,,,,,,,,,,,,,,,,,,,,10000,
502,Piece of Mine Festival,15,Local,1,10000,,,,,,,,,,,,,,,,,,,,5000,
503,Pigeon Collective,14,Local,1,5000,,,,,,,,,,,,,,,,,,,,3500,
504,Pink Pluto,27,City-wide,1,3500,,,,,,,,,,,,,,,,,,,,7000,
505,Pivot Reading Series,20,City-wide,1,7000,,,,,,,,,,,,,,,,,,,,35000,
506,Planet In Focus,20,City-wide,1,35000,,,,,,,,,,,,,,,,,,,,2800,
507,Plasticine Poetry Series Association,19,City-wide,1,2800,,,,,,,,,,,,,,,,,,,,348000,
508,Platform A Collaborative Partnership,15,Area Services,1,348000,,,,,,,,,,,,,,,,,,,,23000,
509,Playwrights Guild of Canada,20,City-wide,1,23000,,,,,,,,,,,,,,,,,,,,33000,
510,Pleiades Theatre,28,City-wide,1,33000,,,,,,,,,,,,,,,,,,,,4000,
511,Pocket Community Association,30,Local,1,4000,,,,,,,,,,,,,,,,,,,,,
512,Polycultural Immigrant and Community Services,3,Area Services,1,28670,,,,,,,,28670,,,,,,,,,,,,12000,
513,pounds per square inch performance,28,City-wide,1,12000,,,,,,,,,,,,,,,,,,,,34000,
514,Prefix Institute of Contemporary Art,20,City-wide,1,34000,,,,,,,,,,,,,,,,160500,,,,,
515,Pride Toronto ,27,City-wide,1,160500,,,,,,,,,,,,,,,,,,,,42000,
516,princess productions,28,City-wide,1,42000,,,,,,,,,,,,,,,,,,,,15000,
517,ProArteDanza,20,City-wide,1,15000,,,,,,,,,,,,,,,,,,,,6000,
518,Professional Association of Canadian Theatre,20,City-wide,1,6000,,,,,,,,,,,,,,,,,,,,9000,
519,Project Creative Users,19,City-wide,1,9000,,,,,,,,,,,,,,,,,,,,35000,
520,Prologue to the Performing Arts,28,City-wide,1,35000,,,,,,,,,,,,,,,,,,,,,
521,Promoting Education and Community Health (PEACH) ,7,Area services,2,103920,,,,45000,,,,58920,,,,,,,,,,,,,
522,Prosserman Jewish Community Centre,10,City-wide,1,13160,,,,,,,,13160,,,,,,,,,,,,15000,
523,Public Recordings Performance Projects,17,City-wide,1,15000,,,,,,,,,,,,,,,,,,,,20000,
524,Puppetmongers,30,City-wide,1,20000,,,,,,,,,,,,,,,,,,30000,,,
525,Queen's Plate,2,Area Services,1,30000,,,,,,,,,,,,,,,,,,,,3000,
526,Queer Songbook Orchestra,19,Local,1,3000,,,,,,,,,,,,,,,,,,,,5000,
527,Quip Take ,21,City-wide,1,5000,,,,,,,,,,,,,,,,,,,,4000,
528,Quote Unquote Collective,13,City-wide,1,4000,,,,,,,,,,,,,,,,,,,,6000,
529,Raging Asian Women Taiko Drummers,21,City-wide,1,6000,,,,,,,,,,,,,,,,,,,,2500,
530,Rainbow Association of Canadian Artists,27,City-wide,1,2500,,,,,,,,,,,,,,,,,,,,,
531,Ralph Thornton Centre,30,Local,2,73585,40000,,,,,,,33585,,,,,,,,,,,,7250,
532,Rear View Curatorial Collective,18,City-wide,1,7250,,,,,,,,,,,,,,,,,,,,15000,
533,Red Dress Productions,28,Local,1,15000,,,,,,,,,,,,,,,,,,,,29000,
534,Red Pepper Spectacle Arts,20,City-wide,1,29000,,,,,,,,,,,,,,,,,,,,33000,
535,Red Sky Performance,20,City-wide,1,33000,,,,,,,,,,,,,,,,,,,,8000,
536,Red Slam,27,City-wide,1,8000,,,,,,,,,,,,,,,,,,,,15000,
537,Red Snow Collective,34,City-wide,1,15000,,,,,,,,,,,,,,,,,,,,21000,
538,Regent Park Film Festival Inc,28,Local,1,21000,,,,,,,,,,,,,,,,,,,,30000,
539,Regent Park Focus,28,City-wide,1,30000,,,,,,,,,,,,,,,,,,,,20000,
540,Regent Park School of Music,28,Area services,1,20000,,,,,,,,,,,,,,10000,,,,,,,
541,Remix Project (The),14,City-wide,1,10000,,,,,,,,,,,,,,,,,,,,15000,
542,Revolutions per Minute (RPM),20,City-wide,1,15000,,,,,,,,,,,,,,,,,,,,5700,
543,reWork Productions,19,City-wide,1,5700,,,,,,,,,,,,,,,,,,,,,
544,REX Pride,1,Area Services,1,35000,35000,,,,,,,,,,,,,,,,,,,,
545,Rexdale Community Health Centre,2,Area services,2,169750,,,,,,,,149750,,,20000,,,,,,,45000,,,
546,Rexdale Community Hub,1,Area Services,1,45000,,,,,,,,,,,,,,,,,,,,,
547,Rexdale Women's Centre,1,Area services,3,98690,,,36500,,8500,,,53690,,,,,,,,,,,,7000,
548,Right Path Community Centre,9,City-wide,1,7000,,,,,,,,,,,,,,10000,,,,,,10000,
549,R.I.S.E Edutainment,42,Local,2,20000,,,,,,,,,,,,,,,,,,,,10000,
550,Rina Singha Kathak Dance Organization,28,City-wide,1,10000,,,,,,,,,,,,,,,,,,,,,
552,Riverdale Immigrant Women's Centre,30,Area Services,1,35000,,,35000,,,,,,,,,,,,,,,,,79000,
553,Roseneath Theatre,18,City-wide,1,79000,,,,,,,,,,,,,,,,,,,,,
554,Rotary Club,5,City-wide,1,22000,,,,,,22000,,,,,,,,,,,,,,8000,
555,Rowers Pub Reading Series Inc. ,19,City-wide,1,8000,,,,,,,,,,,,,,,,,,,,,939110
556,Royal Agricultural Winter Fair,19,City-wide,1,939110,,,,,,,,,,,,,,,,,,,,4000,
557,RT Collective,20,Local,1,4000,,,,,,,,,,,,,,,,,,,,5000,
558,Saga Collectif,14,City-wide,1,5000,,,,,,,,,,,,,,,,,,,,3500,
559,San Lorenzo Latin American Community Centre,19,City-wide,2,38500,,,,,,35000,,,,,,,,,,,,,,,
560,San Romanoway Revitalization Association,8,Local,1,77010,,,,,,,,77010,,,,,,,,,,,,40000,
561,SAVAC,20,City-wide,1,40000,,,,,,,,,,,,,,,,,,,,,
562,Scadding Court Community Centre,20,Area services,2,197850,,,,,,,,169850,,,28000,,,,209000,,,,,,
563,Scarborough Arts Council,36,City-wide,1,209000,,,,,,,,,,,,,,,,,,,,9500,
564,Scarborough Caribbean Youth Dance Ensemble,42,Local,1,9500,,,,,,,,,,,,,,,,,,,,,
565,Scarborough Centre for Healthy Communities,38,Area Services,1,180175,,,,,,,,180175,,,,,,,,,,,,3000,
566,Scarborough Film Festival,41,City-wide,1,3000,,,,,,,,,,,,,,,,,,,,20000,
567,Scarborough Philharmonic Orchestra,36,Area services,1,20000,,,,,,,,,,,,,,,,,,30000,,,
568,Scarborough Residents Unite,36,Area services,1,30000,,,,,,,,,,,,,,,,,,,,,
569,Scarborough Women's Centre,38,Area services,3,111490,,,36000,40000,,,,35490,,,,,,,,,,,,,
570,S.E.A.S. Centre (Support Enhance Access Services Centre) ,28,Area services,1,80225,,,,,,,,80225,,,,,,,,,,,,,
572,"Second Mile Club of Toronto, The",20,City-wide,1,67910,,,,,,,,67910,,,,,,,,,,,,,
573,Self-Help Resource Centre,22,City-wide,2,54990,40000,,,,,,,14990,,,,,,,,,,,,,
574,"Senior Adult Services in the Annex, Toronto",20,Local,1,32945,,,,,,,,32945,,,,,,,,,,,,,
575,Senior Peoples' Resources in North Toronto (SPRINT),22,Area services,1,95070,,,,,,,,95070,,,,,,,,,,,,,
576,Senior Tamil's Centre of Ontario,41,City-wide,1,57530,,,,,,,,57530,,,,,,,,,,,,15000,
577,Setsane Indigenous Fashion and textile Arts,20,City-wide,1,15000,,,,,,,,,,,,,,,,,,,,,
578,Settlement Assistance and Family Support Services (Formerly South Asian Family Support Services),38,Area services,1,50800,,,,,,,,50800,,,,,,,,,,,,18000,
579,Shadowland Theatre,28,Local,1,18000,,,,,,,,,,,,,,,,,,,,8000,
580,Shakespeare in the Ruff,32,Local,1,8000,,,,,,,,,,,,,,,,,,,,6500,
581,Sherbourne Health Centre - SOY,28,City-wide,2,28500,,,,,,22000,,,,,,,,,,,,,,10000,
582,Sick Muse Art Projects,17,City-wide,1,10000,,,,,,,,,,,,,,,,,,,,,
583,Silent Voice Canada,22,City-wide,3,79827,40000,,,,,,,30765,,9062,,,,,,,,,,8000,
584,Signal Theatre,19,City-wide,1,8000,,,,,,,,,,,,,,,,,,,,12350,
585,Sinfonia Toronto,20,City-wide,1,12350,,,,,,,,,,,,,,,,,,,,6000,
586,SING The Toronto Vocal Arts Festival,28,City-wide,1,6000,,,,,,,,,,,,,,,,,,,,7500,
587,Singing Out - Toronto LGBTQ Choir,28,City-wide,1,7500,,,,,,,,,,,,,,,,,,,,18000,
588,Single Thread Theatre Company,14,Local,1,18000,,,,,,,,,,,,,,,,,36687,,,,
589,Sir William Campbell House Museum,20,City-wide,1,36687,,,,,,,,,,,,,,,,,,,,90000,
590,SKETCH Working Arts For Street Involved & Homeless Youth,19,City-wide,2,135000,45000,,,,,,,,,,,,,,,,,,,32000,
591,Small Theatre Administrative Facility,20,City-wide,1,32000,,,,,,,,,,,,,,,,,,,,15000,
592,Small Wooden Shoe,17,City-wide,1,15000,,,,,,,,,,,,,,,,,,,,42500,
593,Small World Music Society,18,City-wide,1,42500,,,,,,,,,,,,,,,,,,,,6500,
594,Snack Music Collective,19,City-wide,1,6500,,,,,,,,,,,,,,,,,,,,2000,
595,Social Circus Circle,19,City-wide,1,2000,,,,,,,,,,,,,,,,,,,,6000,
596,Social Housing Latin American Tenant Association,17,Local,1,6000,,,,,,,,,,,,,,,,,,,,,
597,Society of Sharing: Inner-City Volunteers,27,Area services,1,15915,,,,,,,,15915,,,,,,,,,,,,,
598,Somali Canadian Association of Etobicoke,1,Area services,1,23045,,,,,,,,23045,,,,,,,,,,,,,
599,Somali Women and Children's Support Network,2,City-wide,1,40100,,,,,,,,40100,,,,,,,,,,,,370000,
600,Soulpepper Theatre Company,28,City-wide,1,370000,,,,,,,,,,,,,,,,,,,,91000,
601,Soundstreams Canada,20,City-wide,1,91000,,,,,,,,,,,,,,,,,,,,,
602,South Asian Women's Centre,18,City-wide,2,126410,,,,40000,,,,86410,,,,,,,,,,,,,
603,South Asian Women's Right Organization,35,City-wide,1,43000,43000,,,,,,,,,,,,,,,,,,,20000,
604,Southern Currents / Corrientes Del Sur,20,City-wide,1,20000,,,,,,,,,,,,,,,,,,,,10000,
605,SpeakSudan,27,Local,1,10000,,,,,,,,,,,,,,,,,,,,6000,
606,Spectrum Composers Collective,20,City-wide,1,6000,,,,,,,,,,,,,,,,,,,,7500,
607,Speedy Creek Productions,27,City-wide,1,7500,,,,,,,,,,,,,,,,,,,,,
608,Springtide Resources Inc.,20,City-wide,1,23045,,,,,,,,23045,,,,,,,,,,,,15000,
609,Spoke N'Heard,24,Local,1,15000,,,,,,,,,,,,,,,,,,,,,
610,SPUR Action for Change,26,Area Services,1,9000,,,,,9000,,,,,,,,,,,,,,,7500,
611,SPUR of the Moment Shakespeare Collective,28,Local,1,7500,,,,,,,,,,,,,,,,,,,,,
612,St. Alban's Boys' and Girls' Club,20,Area services,1,190985,,,,,,,,190985,,,,,,,,,,,,,
613,St. Bernadette's Family Resource Centre,12,Area services,1,19000,,,,,,,,19000,,,,,,,,,,,,,
614,St. Christopher House (The),19,Area services,1,289400,,,,,,,,289400,,,,,,,,,,,,,
615,St. Clair O'Connor Community Inc.,31,Area services,1,17660,,,,,,,,17660,,,,,,,,,,,,,
616,"St. Clair West Services for Seniors, Inc.",12,Area services,1,49960,,,,,,,,49960,,,,,,,,,,,,4000,
617,St. James Town Family Literacy Services,28,Local,1,4000,,,,,,,,,,,,,,,,,,,,,
618,St. Matthew's Bracondale House,21,Area services,1,14555,,,,,,,,14555,,,,,,,,,,,,,
619,St. Paul's L'Amoreaux Centre,40,Area services,1,96300,,,,,,,,96300,,,,,,,,,,,,10000,
620,St. Stephen's Community House,20,City-wide,2,245605,,,,,,,,235605,,,,,,,,,,40000,,,
621,Steeles L'Amoreaux Strength in Partnership,41,Area services,2,115000,,,,,,,75000,,,,,,,,,,,,,,
622,Steeles L'Amoreaux Youth Emplowerment,39,Area services,1,9000,,,,,9000,,,,,,,,,,,,,,,,
623,Steeles L'Amoreaux Youth Hub,40,Area services,1,34000,,,,34000,,,,,,,,,,,,,,,,9000,
624,STEPS Sustainable Thinking and Expression Initiative,26,City-wide,2,33000,,,,,,,,,,,24000,,,,,,,,,,
625,Stonegate Community Health Centre,5,Area services,1,86290,,,,,,,,86290,,,,,,,,,,,,,
626,"Stop Community Food Centre, The",17,Area services,1,27675,,,,,,,,27675,,,,,,,,,,,,,
627,Storefront Humber Inc. ,6,Local,1,56995,,,,,,,,56995,,,,,,,,,,,,10000,
628,Story Planet,18,City-wide,1,10000,,,,,,,,,,,,,,,,,,,,,
629,Street Health Community Nursing Foundation,28,City-wide,1,35000,,,,35000,,,,,,,,,,,,,,,,15000,
630,Street Voices,19,Local,1,15000,,,,,,,,,,,,,,,,,,,,,
631,Student Assistance in North Toronto for Seniors,25,Area services,1,11190,,,,,,,,11190,,,,,,,,,,,,17000,
632,Studio 180 Theatre Company,18,City Wide,1,17000,,,,,,,,,,,,,,,,,,,,16000,
633,Subtle Technologies,19,City-wide,1,16000,,,,,,,,,,,,,,,,,,,,7000,
634,SuiteLife Arts for Youth,36,Local,1,7000,,,,,,,,,,,,,,,,,,,,45000,
635,SummerWorks Theatre Festival,18,Local,1,45000,,,,,,,,,,,,,,,,,,,,,
636,Sunshine Centre for Seniors,27,Local,2,51795,,,,,8000,,,43795,,,,,,,,,,,,,
637,Surface Art,11,Area services,1,38500,,,,,,,,,,,38500,,,,,,,,,8000,
638,Surviving Huronia Collective,20,City-wide,1,8000,,,,,,,,,,,,,,,,,,,,,
639,Syme-Woolner Neighbourhood & Family Centre,12,Area services,1,103475,,,,,,,,103475,,,,,,,,,,,,180000,
640,Tafelmusik ,20,City-wide,1,180000,,,,,,,,,,,,,,,,,,,,14000,
641,Talisker Players Chamber  Music,20,City-wide,1,14000,,,,,,,,,,,,,,,,,,,,7000,
642,Talk yuh Talk,35,City-wide,1,7000,,,,,,,,,,,,,,,,,,,,15000,
643,Tangled Art and Disability,28,City-wide,1,15000,,,,,,,,,,,,,,,,,,,,65000,
644,Tapestry Opera ,28,City-wide,1,65000,,,,,,,,,,,,,,,,,,,,200000,
645,Tarragon Theatre,21,City-wide,1,200000,,,,,,,,,,,,,,,,,,,,6000,
646,TB West Community Services,28,City-wide,1,6000,,,,,,,,,,,,,,,,,,,,105000,
647,tdsbCREATES - Prologue to the Performing Arts,27,City-wide,1,105000,,,,,,,,,,,,,,,,,,,,,
648,Teresa Group (The),22,Area Services,1,28805,,,,,,,,28805,,,,,,,,,,,,,
649,Tesoc Multicultural Settlement Services,37,City-wide,1,35715,,,,,,,,35715,,,,,,,,,,,,132000,
650,Textile Museum of Canada,27,City-wide,1,132000,,,,,,,,,,,,,,,,,,,,1500,
651,That Choir,27,City-wide,1,1500,,,,,,,,,,,,,,,,,,,,3000,
652,That's So Gay Collective,28,City-wide,1,3000,,,,,,,,,,,,,,,,,,,,10000,
653,The Artist Mentoring Youth Project Inc. ,28,City-wide,1,10000,,,,,,,,,,,,,,,,,,,,8500,
654,The Artist Newstand Collective,30,Local,1,8500,,,,,,,,,,,,,,,,,,,,8000,
655,The Bicycle Opera Collective,17,City-wide,1,8000,,,,,,,,,,,,,,,,,,,,13000,
656,The Cabaret Theatre Company,20,City-wide,1,13000,,,,,,,,,,,,,,,,,,,,25000,
657,The Cabbagetown Community Arts Centre,28,City-wide,1,25000,,,,,,,,,,,,,,,,,,,,8000,
658,The Chimera Project Dance Theatre,20,City-wide,1,8000,,,,,,,,,,,,,,,,,,,,18000,
659,The Company Theatre,21,City-wide,1,18000,,,,,,,,,,,,,,,,,,,,9000,
660,The Corporation of Massey Hall and Roy Thomson Hall,20,City-wide,1,9000,,,,,,,,,,,,,,,,,,,,28850,
661,The Dance Umbrella of Ontario,28,City-wide,1,28850,,,,,,,,,,,,,,,,,,,,,
662,The Dream Team,14,City-wide,1,35000,,,,35000,,,,,,,,,,,,,,,,13500,
663,The Dietrich Group Interdisciplinary Arts Project,30,City-wide,1,13500,,,,,,,,,,,,,,,,,,,,32300,
664,The Elmer Iseler Singers,25,City-wide,1,32300,,,,,,,,,,,,,,,,,,,,3000,
665,The Empty Room,18,City-wide,1,3000,,,,,,,,,,,,,,,,,,,,8000,
666,The Empty Whole Group,30,City-wide,1,8000,,,,,,,,,,,,,,,,,,,,84500,
667,The Esprit Orchestra,20,City-wide,1,84500,,,,,,,,,,,,,,,,,,,,,
668,The Film Stars Project,19,Area services,1,30000,30000,,,,,,,,,,,,,,,,,,,5000,
669,The FORCE for Cultural Events Productions,20,City-wide,1,5000,,,,,,,,,,,,,,,,,,,,77000,
670,The Fringe of Toronto Theatre Festival,19,City-wide,1,77000,,,,,,,,,,,,,,,,,,,,38000,
671,The Hannaford Street Silver Band,31,City-wide,1,38000,,,,,,,,,,,,,,,,,,,,6000,
672,The InPrint Collective Inc. ,17,Local,1,6000,,,,,,,,,,,,,,,,,,,,2000,
673,The League of Lady Wrestlers,14,City-wide,1,2000,,,,,,,,,,,,,,,,,,,,10000,
674,The Lemon Bucket Orkestra,4,Local,1,10000,,,,,,,,,,,,,,,,,,,,79000,
675,The Music Gallery,20,City-wide,1,79000,,,,,,,,,,,,,,,,,,,,21000,
676,The Nathaniel Dett Chorale,15,City-wide,1,21000,,,,,,,,,,,,,,,,,,,,8000,
677,The NDN Talent Collective,20,City-wide,1,8000,,,,,,,,,,,,,,,,,,,,67000,
678,The Necessary Angel Theatre Company,20,City-wide,1,67000,,,,,,,,,,,,,,,,,,,,10000,
679,The Other's Collective,18,City-wide,1,10000,,,,,,,,,,,,,,,,,,,,5000,
680,The Playwright Project,28,Local,1,5000,,,,,,,,,,,,,,,,,,,,195000,
681,The Power Plant,20,City-wide,1,195000,,,,,,,,,,,,,,,,,,,,,
682,The Public Realm,17,Area services,1,19000,,,,,,,,,,,19000,,,,,,,,,1500,
683,the red light district,20,City-wide,1,1500,,,,,,,,,,,,,,,,,,,,20000,
684,The Remix Project,14,City-wide,1,20000,,,,,,,,,,,,,,,,,,,,,
685,The Rhema Foundation Canada,9,City-wide,1,40000,40000,,,,,,,,,,,,,,,,,,,35000,
686,The Royal Conservatory of Music,20,City-wide,1,35000,,,,,,,,,,,,,,,,,,,,8000,
687,The Sage in Me Education Services,21,City-wide,1,8000,,,,,,,,,,,,,,,,,,,,24000,
688,The Smile Company - Theatrical Productions,14,City-wide,1,24000,,,,,,,,,,,,,,,,,,,,35500,
689,The Storytellers School of Toronto,18,City-wide,1,35500,,,,,,,,,,,,,,,,,,,,6000,
690,The Suck and Blow Collective,20,City-wide,1,6000,,,,,,,,,,,,,,,,,,,,27000,
691,The Toronto Consort,20,City-wide,1,27000,,,,,,,,,,,,,,,,,,,,67000,
692,The Watah School,28,Local,1,67000,,,,,,,,,,,,,,,,,,,,,
693,The Wexford Residence,37,Area services,1,20630,,,,,,,,20630,,,,,,,,,,,,41500,
694,The Word on the Street,14,City-wide,1,41500,,,,,,,,,,,,,,,,,,,,20000,
695,The Workman Arts Project of Ontario,18,City-wide,1,20000,,,,,,,,,,,,,,,,,,,,5000,
696,Theatre 20,34,City-wide,1,5000,,,,,,,,,,,,,,,,,,,,121000,
697,Theatre Centre,18,City-wide,1,121000,,,,,,,,,,,,,,,,,,,,51000,
698,Theatre Columbus,29,City-wide,1,51000,,,,,,,,,,,,,,,,,,,,79000,
699,Theatre Direct Canada,20,City-wide,1,79000,,,,,,,,,,,,,,,,,,,,10000,
700,Theatre Fix,28,City-wide,1,10000,,,,,,,,,,,,,,,,,,,,25000,
701,Theatre Gargantua,20,Local,1,25000,,,,,,,,,,,,,,,,,,,,8250,
702,Theatre Non Nobis,29,City-wide,1,8250,,,,,,,,,,,,,,,,,,,,12500,
703,Theatre Ontario,20,City-wide,1,12500,,,,,,,,,,,,,,,,,,,,12000,
704,Theatre Parallax Toronto,28,City-wide,1,12000,,,,,,,,,,,,,,,,,,,,154000,
705,Theatre Passe Muraille,20,City-wide,1,154000,,,,,,,,,,,,,,,,,,,,6000,
706,Theatre Rusticle,27,City-wide,1,6000,,,,,,,,,,,,,,,,,,,,10000,
707,Theatre Smash,27,City-wide,1,10000,,,,,,,,,,,,,,,,,,,,41000,
708,Theatre Smith-Gilmour,18,City-wide,1,41000,,,,,,,,,,,,,,,,,,,,15000,
709,Theatrefront Inc.,21,City-wide,1,15000,,,,,,,,,,,,,,,,,,,,3000,
710,Then They Fight,20,City-wide,1,3000,,,,,,,,,,,,,,,,,,,,4000,
711,Thin Edge New Music Collective,19,City-wide,1,4000,,,,,,,,,,,,,,,,,,,,7000,
712,Think 2wice,1,Local,1,7000,,,,,,,,,,,,,354822,,,,,,,,
713,"Thorncliffe Neighbourhood Office of Toronto for Social 
& Multi-Cultural Development",26,Area services,4,530182,35000,,18000,,,,,122360,,,,,,,,,,,,2000,
714,Throbbing Rose Collective,18,Local,1,2000,,,,,,,,,,,,,,,,,,,,8000,
715,Throwdown Collective,19,City-wide,1,8000,,,,,,,,,,,,,,,,,,,,,
716,Tibetan Canadian Cultual Centre,5,City-wide,1,8000,,,,,8000,,,,,,,,,,,,,,,2500,
717,Timeshare,21,City-wide,1,2500,,,,, ,,,,,,,,,,,,,,,5000,
718,TLK,20,City-wide,1,5000,,,,,,,,,,,,,,,,,,,,,
719,Tobias House Attendant Care Inc.,32,City-wide,1,36610,,,,,,,,36610,,,,,,10000,,,,,,,
720,Tobomory Youth Council,8,Local,1,10000,,,,,,,,,,,,,,,,,,30000,,,
721,Toronto Aboriginal Support Services Council,20,City-wide,1,30000,,,,,,,,,,,,,,,,,,,,78000,
722,Toronto Alliance for the Performing Arts,20,City-wide,1,78000,,,,,,,,,,,,,,,,,,,,3500,
723,Toronto Alternative Arts and Fashion Week,28,City-wide,1,3500,,,,,,,,,,,,,,,,,,,,,
724,Toronto and Central Ontario Hemophilia Society,27,City-wide,1,25925,,,,,,,,25925,,,,,,,,,,,,6000,
725,Toronto Animated Image Society,17,Local,1,6000,,,,,,,,,,,,,,,,346690,,,,,
726,Toronto Artscape Inc. - Artscape,19,City-wide,1,346690,,,,,,,,,,,,,,,,,,,,6000,
727,Toronto Art Book Fair,14,City-wide,1,6000,,,,,,,,,,,,,,,,,,,,32000,
728,Toronto Blues Society,20,City-wide,1,32000,,,,,,,,,,,,,,,,,,,,7500,
729,Toronto Chamber Choir,27,City-wide,1,7500,,,,,,,,,,,,,,,,,,,,38000,
730,Toronto Children's Chorus,20,City-wide,1,38000,,,,,,,,,,,,,,,,,,,,7000,
731,Toronto Chinese Opera Group,39,City-wide,1,7000,,,,,,,,,,,,,,,,,,,,,
732,Toronto Coalition for Better Child Care,19,City-wide,1,23045,,,,,,,,23045,,,,,,,,,,,,,
733,Toronto Community & Culture Centre,20,City-wide,1,20655,,,,,,,,20655,,,,,,,,,,,,4000,
734,Toronto Creative Orchestra Projects,14,City-wide,1,4000,,,,,,,,,,,,,,,,,,,,8000,
735,Toronto Dance Community Love-In,19,City-wide,1,8000,,,,,,,,,,,,,,,,,,,,160000,
736,Toronto Dance Theatre,20,City-wide,1,160000,,,,,,,,,,,,,,,,,,,,42300,
737,Toronto Downtown Jazz ,27,City-wide,1,42300,,,,,,,,,,,,,,,,345000,,,,,
738,"Toronto Festival of Arts, Culture and Creativity - Luminato TO Festival",19,City-wide,1,345000,,,,,,,,,,,,,,,,,,,,12000,
739,Toronto Festival of Comics and Graphic Arts,27,City-wide,1,12000,,,,,,,,,,,,,,,,,,,,,
740,Toronto Finnish- Canadian Seniors Centre,26,City-wide,1,17050,,,,,,,,17050,,,,,,,,,,,6423315,,
741,Toronto Foundation for Student Success,12,City-wide,1,6423315,,,,,,,,,,,,,,,,,,,,15000,
742,Toronto Heritage Dance,28,City-wide,1,15000,,,,,,,,,,,,,,,,,,,,,
743,Toronto Intergenerational Partnerships,29,Area services,1,47245,,,,,,,,47245,,,,,,,,1050000,,,,,
744,Toronto International Film Festival TIFF,20,City-wide,2,1085000,,,,,,,,,35000,,,,,,,,,,,5000,
745,Toronto Jazz Orchestra,30,City-wide,1,5000,,,,,,,,,,,,,,,,,,,,24000,
746,Toronto Jewish Film Festival,20,City-wide,1,24000,,,,,,,,,,,,,,,,,,,,,
747,Toronto Kiwanis Boys and Girls Clubs,28,Local,1,94645,,,,,,,,94645,,,,,,,,,,,,,
748,Toronto Lords Community Association/Basketball Association,19,City-wide,1,6690,,,,,,,,,,6690,,,,,,,,,,10000,
749,Toronto Masque Theatre,28,City-wide,1,10000,,,,,,,,,,,,,,,,,,,,66000,
750,Toronto Mendelssohn Choir,20,City-wide,1,66000,,,,,,,,,,,,,,,,,,,,,
751,Toronto Neighbourhood Centres,30,City-wide,1,45000,45000,,,,,,,,,,,,,,,,,,,23000,
752,Toronto Operetta Theatre,28,City-wide,1,23000,,,,,,,,,,,,,,,,,,,,,
753,Toronto Park People,20,Area services,2,53000,,,,,,25000,,,,,28000,,,,,,,,,,
754,Toronto People With AIDS Foundation,28,City-wide,1,31255,,,,,,,,31255,,,,,,,,,,,,68000,
755,Toronto Photographers Workshop,18,City-wide,1,68000,,,,,,,,,,,,,,,,,,,,,
756,Toronto Rape Crisis Centre / Multicultural Women Against Rape,20,City-wide,2,95060,,,,43000,,,,52060,,,,,,,,,,,,50000,
757,Toronto Reel Asian International Film Festival,20,City-wide,1,50000,,,,,,,,,,,,,,,,,,,,41000,
758,Toronto Smith-Gilmour,20,City-wide,1,41000,,,,,,,,,,,,,,,,,,,,21000,
759,Toronto Summer Music Foundation,20,City-wide,1,21000,,,,,,,,,,,,,,,,1220000,,,,,
760,Toronto Symphony Orchestra ,20,City-wide,1,1220000,,,,,,,,,,,,,,,,,,,,,
761,Toronto Women's City Alliance,15,City-wide,1,45000,45000,,,,,,,,,,,,,,,,,,,7500,
762,TorQ Percussion Quartet,20,Local,1,7500,,,,,,,,,,,,,,,,,28302,,,,
763,Town of York Historical Society (Toronto's First Post Office),28,City-wide,2,32282,,,,,,,,,3980,,,,,,,,,,,6500,
764,Tough Guy Mountain,20,City-wide,1,6500,,,,,,,,,,,,,,,,,,,,5500,
765,Toy Piano Composers,27,City-wide,1,5500,,,,,,,,,,,,,,,,,,,,,
766,Transcare Community Support Services,39,Area services,1,80630,,,,,,,,80630,,,,,,,,,,,,15000,
767,Tribal Crackling Wind for the Arts,28,City-wide,1,15000,,,,,,,,,,,,,,,,,,,,,
768,Trinidad and Tobago 50 Plus and Seniors,37,City-wide,1,20000,,,,,,20000,,,,,,,,,,,,,,50000,
769,Trinity Square Video,20,City-wide,1,50000,,,,,,,,,,,,,,,,,,,,,
770,Tropicana Community Services,41,City-wide,1,90865,,,,,,,,90865,,,,,,,,,,,,10000,
771,TUDS,33,City-wide,1,10000,,,,,,,,,,,,,,,,,,,,3000,
772,Tune Your Ride Collective,14,City-wide,1,3000,,,,,,,,,,,,,,,,,,,,12000,
773,Turtle House Art/Play Centre,20,City-wide,1,12000,,,,,,,,,,,,,,,,,,,,,
774,Ukrainian Canadian Social Services (Toronto) Inc. ,13,City-wide,1,38095,,,,,,,,38095,,,,,,,,,,,,5000,
775,Uma Nota Culture,18,City-wide,1,5000,,,,,,,,,,,,,,,,,,,,,
776,Unison Health and Community Services,15,Local,2,70440,,,,40000,,,,30440,,,,,,,,,,,,7000,
777,Unit 2,21,City-wide,1,7000,,,,,,,,,,,,,,,,,,,,20000,
778,UNITY Charity,37,Area services,1,20000,,,,,,,,,,,,,,,,,,,,,
779,University Settlement ,20,Local,1,126425,,,,,,,,126425,,,,,,,,,,,,23500,
780,University Settlement Music School,20,City-wide,1,23500,,,,,,,,,,,,,,,,,,,,10000,
781,Univox Choir Toronto,18,City-wide,1,10000,,,,,,,,,,,,,,,,,,,,,
782,Upfront Theatre Foundation,8,City-wide,1,45000,,,,,,,,,45000,,,,,,,,,,,,
783,Urban Alliance on Race Relations,20,City-wide,1,42000,42000,,,,,,,,,,,,,,232935,,,,,,
784,UrbanArts Community Arts Council,11,City-wide,2,256235,,,,,,,,,,,23300,,,,,,,,,,
785,Urban Non-Violent Initiatives Through Youth (UNITY),16,Area services,1,39000,,,,39000,,,,,,,,,,,,,,,,,
786,Urban Squash Toronto,9,City-wide,1,11625,,,,,,,,,,11625,,,,,,,,,,6000,
787,Untold Stories,21,City-wide,1,6000,,,,,,,,,,,,,,,,,,,,,
788,Valley Park Go Green Cricket Field Project,26,City-wide,1,15000,,,,,,15000,,,,,,,,,,,,,,6100,
789,Vanguardia Dance Projects,20,City-wide,1,6100,,,,,,,,,,,,,,,,,,,,,
790,Vermont Square Parent-Child Mother Goose Program ,19,City-wide,1,25805,,,,,,,,25805,,,,,,,,,,,,8000,
791,Vesnivka Choir Inc.,13,City-wide,1,8000,,,,,,,,,,,,,,,,,,,,,
792,Victim Services Program of Toronto,27,City-wide,1,258090,,,,,,,,258090,,,,,,,,,,,,60000,
793,VideoCabaret International,28,City-wide,1,60000,,,,,,,,,,,,,,,,,,,,9000,
794,Videofag,27,Local,1,9000,,,,,,,,,,,,,,,,,,,,,
795,Vietnamese Women's Association Toronto,17,City-wide,1,59885,,,,,,,,59885,,,,,,,,,,,,,
796,Villa Colombo Homes For The Aged,15,City-wide,1,30040,,,,,,,,30040,,,,,,,,,,,,4000,
797,Visible Evidence XXII 2015,28,City-wide,1,4000,,,,,,,,,,,,,,,,,,,,5000,
798,Visions of Science Network for Learning,38,Local,1,5000,,,,,,,,,,,,,,,,,,,,20000,
799,VIVA! Youth Singers of Toronto,20,City-wide,1,20000,,,,,,,,,,,,,,,,,,,,10000,
800,VOID Incubator,19,Local,1,10000,,,,,,,,,,,,,,,,,,,,65000,
801,Volcano Non-Profit Productions Inc.,21,City-wide,1,65000,,,,,,,,,,,,,,,,,,,,,
802,Volunteer Centre of Toronto,20,City-wide,1,192420,,,,,,,,192420,,,,,,,,,,,,80000,
803,Vtape,20,City-wide,2,125000,,,,,,,,,45000,,,,,,,,,,,,
804,Warden Woods Church & Community Centre,35,Area services,2,242140,,,,,6500,,,235640,,,,,,,,,,,,,
805,Welcome House,10,City-wide,1,11525,,,,,,,,,,11525,,,,,,,,,,24000,
806,West Neighbourhood House Music School,19,Area services,1,24000,,,,,,,,,,,,,,,,,,,,,
807,West Scarborough Aquatics - WSNCC,35,City-wide,1,11625,,,,,,,,,,11625,,,,,,,,,,,
808,West Scarborough Neighbourhood Community Centre,35,Local,2,199215,,,,,,,,187215,,,12000,,,,,,,,,,
809,West Toronto Support Services for Senior Citizens and the Disabled Inc.,18,Area services,1,41845,,,,,,,,41845,,,,,,,,,,35000,,,
810,Weston-Mount Dennis Pro Tech Media Centre,11,Area services,1,35000,,,,,,,,,,,,,,,,,,,,2000,
811,Whippersnapper Gallery,20,City-wide,1,2000,,,,,,,,,,,,,,,,,,,,27000,
812,Whynot Theatre,28,City-wide,1,27000,,,,,,,,,,,,,,,,,,,,,
813,Woman Abuse Council of Toronto,12,City-wide,1,57605,,,,,,,,57605,,,,,,,,,,,,2500,
814,Women's Musical Club of Toronto,20,City-wide,1,2500,,,,,,,,,,,,,,,,,,,,,
815,WoodGreen Community Services,30,Area services,1,392795,,,,,,,,392795,,,,,,,,,,,,4000,
816,Words By The Water,6,City-wide,1,4000,,,,,,,,,,,,,,,,,,,,4725,
817,words(on)pages,20,City-wide,1,4725,,,,,,,,,,,,,,,,,,,,,
818,Worker's Action Centre,20,City-wide,2,65290,10000,,,,,,,55290,,,,,,,,,,,,,
819,Working Women Community Centre,18,Area services,2,363215,,240000,,,,,,123215,,,,,,,,,,,,3500,
820,World Fiddle Day Toronto,20,City-wide,1,3500,,,,,,,,,,,,,,,,,,,,2000,
821,Wunderkabinett Collective,27,City-wide,1,2000,,,,,,,,,,,,,,,,,,,,4000,
822,Wychwood Clarinet Choir,21,City-wide,1,4000,,,,,,,,,,,,,,,,,,,,4000,
823,Xspace Cultural Centre,18,City-wide,1,4000,,,,,,,,,,,,,,,,,,,,3000,
824,York Heritage Quilters Guild,25,City-wide,1,3000,,,,,,,,,,,,,,,,,,,,,
825,York West Active Living Centre,11,Area services,1,110190,,,,,,,,110190,,,,,,,,,,,,,
826,York-Eglinton Business Improvement Area,15,City Wide,1,30000,,,,,,30000,,,,,,,,,,,,,,,
827,York-Fairbank Centre For Seniors,15,Area services,1,215365,,,,,,,,215365,,,,,,,,,,,,,
828,Yorkminster Park Meals on Wheels,22,Area services,1,8920,,,,,,,,8920,,,,,,,,,,,,,
829,Yorktown Child and Family Centre,15,Area services,1,34570,,,,,,,,34570,,,,,,,,,,,,321000,
830,Young People's Theatre (Lorraine Kimsa Theatre For Young People),28,City-wide,1,321000,,,,,,,,,,,,,,,,,,30000,,,
831,Youth Arts Action (YAA),15,Area services,1,30000,,,,,,,,,,,,,,,,,,,,,
832,Youth Assisting Youth,23,City-wide,1,54190,,,,,,,,54190,,,,,,,,,,,,,
833,Youthlink,35,Area services,3,81960,,,18000,,10000,,,53960,,,,,,,,,,,,4000,
834,YTB Gallery,20,Local,1,4000,,,,,,,,,,,,,,,,,,,,65000,
835,YYZ Artists Outlet,20,City-wide,1,65000,,,,,,,,,,,,,,,,,,,,,
836,Zata Omm Dance Projects,30,City-wide,1,15000,,,,,,,,,,,,,,,,,,,,15000,
837,Zou Theatre Company,13,City-wide,1,7000,,,,,,,,,,,,,,,,,,,,7000,
